0,054,0,946,0,6054,Viserys II Targaryen
0,387,0,613,0,8963,Walder Frey
0,493,0,507,0,2676,Addison Hill
0,076,0,924,0,1839,Aemma Arryn
0,617,0,383,0,0435,Sylva Santagar
0,021,0,979,1,0000,Tommen Baratheon
0,014,0,986,0,4314,Valarr Targaryen
0,036,0,964,0,6789,Viserys I Targaryen
0,724,0,276,0,0067,Wilbert
0,391,0,609,0,0201,Wilbert Osgrey
0,167,0,833,0,1639,Will
0,985,0,015,0,0033,Will (orphan)
0,813,0,187,0,0033,Will (squire)
0,747,0,253,0,0033,Will (Standfast)
0,705,0,295,0,0033,Will (Treb)
0,996,0,004,0,0134,Will Humble
0,984,0,016,0,0134,Willam
0,604,0,396,0,0201,Willem Wylde
0,998,0,002,0,0067,Willifer
0,922,0,078,0,0100,Willit
0,974,0,026,0,0201,Willis Wode
0,022,0,978,0,0234,Willis Fell
0,768,0,232,0,0334,Willow Heddle
0,561,0,439,0,0000,Willum
0,936,0,064,0,0033,Wolmer
0,217,0,783,0,0502,Willow Witch-eye
0,193,0,807,0,0301,Woth
0,71,0,29,0,0234,Wulfe
0,809,0,191,0,0067,Wyl the Whittler
0,203,0,797,0,0268,Wyl (guard)
0,908,0,092,0,0134,Wyl Waynwood
0,155,0,845,0,0502,Wun Weg Wun Dar Wun
0,107,0,893,0,0268,Wylla
0,835,0,165,0,0569,Wynafryd Manderly
0,996,0,004,0,0201,Xhondo
0,989,0,011,0,0100,Ygon Farwynd
0,998,0,002,0,0201,Yna
0,997,0,003,0,0100,Yohn Farwynd
0,965,0,035,0,0000,Yorkel
0,98,0,02,0,0234,Yorko Terys
0,76,0,24,0,0033,Yormwell
0,759,0,241,0,0134,Young Henly
0,184,0,816,0,0401,Ysilla
0,996,0,004,0,0067,Zarabelo
0,809,0,191,0,0134,Zei
0,498,0,502,0,0134,Zekko
0,967,0,033,0,0100,Zharaq zo Loraq
0,984,0,016,0,0167,Wenda
0,864,0,136,0,1137,Wex Pyke
0,207,0,793,0,0736,Timett
0,397,0,603,1,0000,Joffrey Baratheon
0,021,0,979,0,1940,Laenor Velaryon
0,875,0,125,0,1104,Leobald Tallhart
0,069,0,931,0,7057,Maegor I Targaryen
0,352,0,648,1,0000,Margaery Tyrell
0,1,0,2207,Naerys Targaryen
0,988,0,012,0,0201,Quence
0,898,0,102,0,0468,Quellon Botley
0,704,0,296,0,0903,Quellon Greyjoy
0,09,0,91,0,0201,Quentyn Blackwood
0,767,0,233,0,0602,Quenton Greyjoy
0,968,0,032,0,0401,Quhuru Mo
0,382,0,618,0,0100,Quickfinger
0,984,0,016,0,0167,Quill
0,916,0,084,0,1271,Quentin Tyrell
0,65,0,35,0,0100,Quort
0,783,0,217,0,0134,Qyle
0,74,0,26,0,0067,Rafe
0,363,0,637,0,0100,Racallio Ryndoon
0,988,0,012,0,0100,Ragnor Pyke
0,709,0,291,0,0033,Rainbow Knight
0,746,0,254,0,0033,Randa
0,132,0,868,0,0669,Rast
0,991,0,009,0,0100,Rawney
0,716,0,284,0,0134,Raymar Royce
0,982,0,018,0,0167,Raymond Nayland
0,923,0,077,0,1271,Raymund Tyrell
0,998,0,002,0,0167,Red Oarsman
0,926,0,074,0,0000,Red Lamb
0,783,0,217,0,0167,Redtusk
0,283,0,717,0,0134,Red Rolfe
0,712,0,288,0,0067,Redwyn
0,843,0,157,0,0067,Reynard Webber
0,717,0,283,0,0234,Reysen
0,001,0,999,0,0970,Rhaegel Targaryen
0,004,0,996,0,1438,Rhaena Targaryen (daughter of Daemon)
0,1,0,0736,Rhaena Targaryen (daughter of Aegon III)
0,002,0,998,0,2776,Rhaenys Targaryen
0,763,0,237,0,2441,Rhaenys Targaryen (daughter of Rhaegar)
0,99,0,01,0,0167,Rhialta Vance
0,242,0,758,0,1438,Rhaenys Targaryen (daughter of Aemon)
0,559,0,441,0,0502,Rhonda Rowan
0,979,0,021,0,0167,Richard Farrow
0,03,0,97,0,0234,Richard Lonmouth
0,998,0,002,0,0033,Rigney
0,705,0,295,0,0033,Rob
0,906,0,094,0,1237,Rickard Tyrell
0,718,0,282,0,0067,Robb Reyne
0,213,0,787,0,0234,Robert Ashford
0,455,0,545,0,1204,Robert Brax (son of Flement)
0,724,0,276,0,0100,Robert Paege
0,036,0,964,1,0000,Robb Stark
0,987,0,013,0,0167,Robin
0,768,0,232,0,1472,Robert Frey (son of Raymund)
0,759,0,241,0,0635,Robin Greyjoy
0,767,0,233,0,0268,Robin Hollard
0,998,0,002,0,0134,Rodrik Freeborn
0,989,0,011,0,0000,Roelle
0,186,0,814,0,1003,Rodrik Stark (son of Beron)
0,198,0,802,0,0301,Roger of Pennytree
0,982,0,018,0,0134,Roggo
0,478,0,522,0,0468,Roger Ryswell
0,993,0,007,0,0000,Rolder
0,759,0,241,0,0201,Roland Crakehall (Kingsguard)
0,702,0,298,0,0033,Rolfe
0,943,0,057,0,0100,Rolland Darklyn
0,762,0,238,0,0435,Rollam Westerling
0,99,0,01,0,0201,Romny Weaver
0,394,0,606,0,0401,Ronald Storm
0,2,0,8,0,0334,Ronnel Stout
0,739,0,261,0,0134,Ronnel Harclay
0,727,0,273,0,0401,Roone
0,989,0,011,0,0100,Roone (maester)
0,996,0,004,0,0033,Roryn Drumm
0,478,0,522,0,0301,Roose Ryswell
0,979,0,021,0,0234,Rosamund Lannister
0,819,0,181,0,0301,Rosey
0,783,0,217,0,0602,Rowan
0,603,0,397,0,0000,Rudge
0,141,0,859,0,2441,Runciter
0,971,0,029,0,0067,Rupert Crabb
0,999,0,001,0,0100,Rus
0,813,0,187,0,0000,Rusty Flowers
0,997,0,003,0,0134,Ryam
0,989,0,011,0,0268,Ryk
0,746,0,254,0,0134,Ryles
0,879,0,121,0,0000,Rymolf
0,796,0,204,0,0134,S'vrone
0,74,0,26,0,0033,Saathos
0,212,0,788,0,0468,Sailor's Wife
0,151,0,849,0,0301,Sallor
0,718,0,282,0,0134,Salloreon
0,76,0,24,0,0033,Sam Stoops
0,978,0,022,0,0134,Samwell Spicer
0,877,0,123,0,0535,Sargon Botley
0,773,0,227,0,0067,Scarb
0,702,0,298,0,0100,Sawwood
0,746,0,254,0,0000,Sedgekins
0,035,0,965,0,0301,Sefton Staunton
0,671,0,329,0,0167,Serra
0,81,0,19,0,0368,Sharna
0,737,0,263,0,0033,Shella
0,766,0,234,0,0033,Sherrit
0,976,0,024,0,0134,Shortear
0,988,0,012,0,0201,Shyra
0,998,0,002,0,0033,Sigfry Stonetree
0,193,0,807,0,0234,Sigrin
0,678,0,322,0,0033,Simon Leygood
0,746,0,254,0,0000,Sky Blue Su
0,613,0,387,0,0334,Skinner
0,817,0,183,0,0067,Skittrick
0,968,0,032,0,0234,Skyte
0,998,0,002,0,0167,Sloey
0,99,0,01,0,0134,Spare Boot
0,724,0,276,0,0201,Softfoot
0,813,0,187,0,0134,Spotted Pate of Maidenpool
0,323,0,677,0,0033,Squint
0,08,0,92,0,0435,Squirrel
0,998,0,002,0,0201,Steffarion Sparr
0,152,0,848,0,1706,Stafford Lannister
0,13,0,87,0,0401,Steffon Fossoway
0,747,0,253,0,0268,Steffon Hollard
0,036,0,964,1,0000,Stannis Baratheon
0,598,0,402,0,0134,Steffon Varner
0,494,0,506,0,0033,Stone Thumbs
0,999,0,001,0,0100,Stonehand
0,665,0,335,0,0134,Sybassion
0,328,0,672,0,0067,Sylas
0,296,0,704,0,0435,Symon Stripeback
0,933,0,067,0,0468,Symond Botley
0,714,0,286,0,0301,Tagganaro
0,945,0,055,0,0234,Tal Toraq
0,982,0,018,0,0201,Talea
0,213,0,787,0,0702,Talla Tarly
0,968,0,032,0,0234,Tansy
0,983,0,017,0,0067,Tansy (orphan)
0,21,0,79,0,0334,Tarber
0,968,0,032,0,0167,Terrance Lynderly
0,98,0,02,0,0134,Terro
0,666,0,334,0,0134,Theo Frey
0,994,0,006,0,0201,Theobald
0,724,0,276,0,0167,Thistle
0,212,0,788,0,0569,Theon Stark
0,997,0,003,0,0167,Thormor Ironmaker
0,908,0,092,0,0167,Tim Stone
0,74,0,26,0,0067,Timon
0,969,0,031,0,0134,Timett (father)
0,997,0,003,0,0067,Timoth
0,142,0,858,0,0100,Tobbot
0,873,0,127,0,0067,Toefinger
0,719,0,281,0,0167,Todric
0,989,0,011,0,0067,Tom Costayne
0,826,0,174,0,0134,TomToo
0,15,0,85,0,0468,Tommard Heddle
0,31,0,69,0,0268,Toregg
0,937,0,063,0,0000,Torrek
0,772,0,228,0,0134,Tothmure
0,193,0,807,0,0903,Torrhen Stark
0,803,0,197,0,0067,Tregar
0,983,0,017,0,0234,Tregar Ormollen
0,868,0,132,0,0067,Tristan Ryger
0,661,0,339,0,0167,Tristifer V Mudd
0,598,0,402,0,0000,Tristimun
0,193,0,807,0,0535,Tristifer IV Mudd
0,74,0,26,0,0033,Tuffleberry
0,74,0,26,0,0100,Tumberjon
0,4,0,6,0,0301,Tumco Lho
0,927,0,073,0,0167,Turnip
0,759,0,241,0,0033,Turquin
0,76,0,24,0,0134,Tybero Istarion
0,323,0,677,0,0067,Tymor
0,796,0,204,0,0134,Ulf the Ill
0,725,0,275,0,1338,Tywin Frey (son of Raymund)
0,796,0,204,0,0234,Uller
0,674,0,326,0,0067,Umar
0,838,0,162,0,0033,Umfred
0,998,0,002,0,0167,Umma
0,76,0,24,0,0100,Urreg
0,996,0,004,0,0167,Urek Ironmaker
0,767,0,233,0,0134,Urrathon
0,203,0,797,0,0201,Urzen
0,477,0,523,0,0401,Urron Greyiron
0,71,0,29,0,0736,Urrigon Greyjoy
0,002,0,998,0,0502,Uthor Underleaf
0,075,0,925,0,0234,Utt
0,997,0,003,0,0134,Vaellyn
0,758,0,242,0,0167,Varly
0,988,0,012,0,0100,Veiled Lady
0,718,0,282,0,0468,Vickon Botley
0,773,0,227,0,0000,Violet
0,954,0,046,0,1237,Victor Tyrell
0,823,0,177,0,0870,Walda Frey (daughter of Lothar)
0,747,0,253,0,1037,Walda Frey (daughter of Edwyn)
0,805,0,195,0,0000,Walda Frey (daughter of Rhaegar)
0,773,0,227,0,0000,Walda Frey (daughter of Walton)
0,809,0,191,0,0000,Walda Frey (daughter of Merrett)
0,201,0,799,0,0268,Walda Rivers (daughter of Aemon)
0,784,0,216,0,0000,Walder Frey (son of Jammos)
0,683,0,317,0,0000,Walder Frey (son of Emmon)
0,824,0,176,0,0000,Walder Frey (son of Ryman)
0,813,0,187,0,0000,Walder Frey (son of Merrett)
0,532,0,468,0,0201,Wallen
0,916,0,084,0,0468,Walton
0,385,0,615,0,0234,Walys Flowers
0,76,0,24,0,0067,Wat (Barleycorn)
0,906,0,094,0,0535,Blue Bard
0,988,0,012,0,0033,Wat (orphan)
0,99,0,01,0,0067,Wat (sailor)
0,809,0,191,0,0033,Wat (Standfast)
0,796,0,204,0,0067,Wat (Wet)
0,945,0,055,0,0000,Wate
0,702,0,298,0,0167,Watt
0,758,0,242,0,0100,Wayn (guard)
0,724,0,276,0,0167,Weasel
0,813,0,187,0,0134,Wendell Webber
0,767,0,233,0,0100,Wendello Qar Deeth
0,822,0,178,0,0067,Werlag
0,47,0,53,0,0970,Rafford
0,788,0,212,0,2007,Jhogo
0,385,0,615,0,0435,Sour Alyn
0,651,0,349,0,0836,Tobho Mott
0,02,0,98,0,0368,Zollo
0,692,0,308,0,1137,Tanda Stokeworth
0,313,0,687,0,9699,Samwell Tarly
0,741,0,259,0,0000,Abelar Hightower
0,194,0,806,0,0268,Addam Frey
0,813,0,187,0,0067,Addam
0,187,0,813,0,0368,Addam Osgrey
0,759,0,241,0,0000,Aegon Frey (son of Aenys)
0,767,0,233,0,0000,Aegon Frey (son of Stevron)
0,11,0,89,1,0000,Aegon I Targaryen
0,031,0,969,0,7592,Aegon II Targaryen
0,064,0,936,0,6756,Aegon IV Targaryen
0,053,0,947,0,0000,Aegon Targaryen (son of Baelon)
0,003,0,997,0,6254,Aegon III Targaryen
0,001,0,999,0,0000,Aegon Targaryen (son of Jaehaerys I)
0,057,0,943,0,0000,Aegon Targaryen (son of Aenys I)
0,003,0,997,0,0000,Aegon Targaryen (son of Rhaegar)
0,62,0,38,0,0100,Aemon Costayne
0,031,0,969,0,5719,Aenys I Targaryen
0,76,0,24,0,0100,Aethan
0,719,0,281,0,0134,Aethelmure
0,051,0,949,0,0268,Aggar
0,998,0,002,0,0067,Agrivane
0,07,0,93,0,6221,Aerys I Targaryen
0,988,0,012,0,0167,Alaric of Eysen
0,11,0,89,1,0000,Aerys II Targaryen
0,282,0,718,0,0301,Alebelly
0,975,0,025,0,0134,Alequo Adarys
0,948,0,052,0,0167,Alester Oakheart
0,746,0,254,0,0000,Alia
0,767,0,233,0,0067,All-for-Joffrey
0,981,0,019,0,0201,Allaquo
0,726,0,274,0,0234,Allyria Dayne
0,031,0,969,0,2676,Alicent Hightower
0,987,0,013,0,0067,Alyce
0,964,0,036,0,0100,Alvyn Sharp
0,947,0,053,0,0134,Alyn Hunt
0,737,0,263,0,0803,Alys Arryn
0,262,0,738,0,0334,Alysanne Bracken
0,085,0,915,0,1605,Alyn Velaryon
0,2,0,8,0,0268,Alysanne Osgrey
0,755,0,245,0,0067,Alyssa Arryn
0,758,0,242,0,0569,Alysanne Hightower
0,304,0,696,0,0033,Amabel
0,976,0,024,0,0033,Ambrode
0,593,0,407,0,0368,Andrey Dalt
0,566,0,434,0,0134,Andrey Charlton
0,736,0,264,0,0134,Argrave the Defiant
0,796,0,204,0,0301,Armen
0,767,0,233,0,0033,Arneld
0,767,0,233,0,0067,Arnell
0,709,0,291,0,0000,Arrec Durrandon
0,704,0,296,0,0435,Arron
0,918,0,082,0,0000,Arryk (guard)
0,435,0,565,0,0234,Arron Qorgyle
0,537,0,463,0,0000,Arson
0,765,0,235,0,0067,Aubrey Ambrose
0,141,0,859,0,0067,Ayrmidon
0,01,0,99,0,1003,Baelon Targaryen (son of Viserys I)
0,057,0,943,0,0435,Baelon Targaryen (son of Aerys)
0,877,0,123,0,0502,Balon Botley
0,002,0,998,0,4749,Baelor Targaryen (son of Daeron II)
0,986,0,014,0,0201,Bandy
0,21,0,79,0,0334,Bannen
0,791,0,209,0,0134,Barre
0,035,0,965,0,0301,Barbara Bracken
0,882,0,118,0,0033,Barth (brewer)
0,676,0,324,0,0000,Bass
0,983,0,017,0,0234,Bearded Ben
0,689,0,311,0,0033,Becca
0,73,0,27,0,0000,Beck
0,998,0,002,0,0067,Belandra
0,746,0,254,0,0067,Beldecar
0,796,0,204,0,0201,Belis
0,988,0,012,0,0134,Bellonara Otherys
0,816,0,184,0,0836,Bella
0,983,0,017,0,0100,Ben
0,982,0,018,0,0268,Ben Blackthumb
0,371,0,629,0,0334,Ben Bones
0,968,0,032,0,0234,Ben Bushy
0,997,0,003,0,0134,Benedict
0,759,0,241,0,0134,Benjen Stark (Bitter)
0,767,0,233,0,0134,Benjen Stark (Sweet)
0,981,0,019,0,0067,Bennet
0,201,0,799,0,0368,Bennis
0,988,0,012,0,0033,Beqqo
0,877,0,123,0,0468,Bennarion Botley
0,812,0,188,0,0167,Beron Blacktyde
0,405,0,595,0,0033,Bertram Beesbury
0,793,0,207,0,0067,Bessa
0,693,0,307,0,0033,Bessa (Winterfell)
0,047,0,953,0,0301,Bess Bracken
0,985,0,015,0,0167,Bethany (Blushing Bethany)
0,712,0,288,0,0067,Bethany Fair-Fingers
0,663,0,337,0,0033,Bharbo
0,983,0,017,0,0067,Big Boil
0,909,0,091,0,0000,Blind Doss
0,813,0,187,0,0201,Blane
0,987,0,013,0,0067,Bodger
0,709,0,291,0,0000,Borcas
0,99,0,01,0,0067,Bors
0,212,0,788,0,0268,Borroq
0,99,0,01,0,0100,Boy
0,99,0,01,0,0167,Brandon Stark (Bad)
0,085,0,915,0,0334,Brandon Stark (Burner)
0,277,0,723,0,0334,Brandon Stark (the daughterless)
0,384,0,616,0,1438,Brandon Stark (son of Cregan)
0,137,0,863,0,0368,Brandon Stark (Shipwright)
0,796,0,204,0,0234,Brea
0,983,0,017,0,0167,Brella
0,866,0,134,0,0033,Brenett
0,283,0,717,0,0100,Briar
0,305,0,695,0,0067,Brogg
0,783,0,217,0,0468,Brusco
0,746,0,254,0,0234,Brown Bernarr
0,534,0,466,0,0033,Bryan of Oldtown
0,891,0,109,0,0167,Bryen
0,755,0,245,0,0167,Buford Bulwer
0,212,0,788,0,0234,Bump
0,709,0,291,0,0000,Buu
0,494,0,506,0,0000,Byan Votyris
0,724,0,276,0,0201,Byam Flint
0,702,0,298,0,0067,Byren Flowers
0,989,0,011,0,0201,Byron
0,795,0,205,0,0100,Cadwyl
0,696,0,304,0,0201,Lord Cafferen
0,817,0,183,0,0134,Calon
0,703,0,297,0,0000,Cadwyn
0,983,0,017,0,0100,Canker Jeyne
0,974,0,026,0,0368,Carellen Smallwood
0,98,0,02,0,0167,Cass
0,99,0,01,0,0100,Carrot
0,986,0,014,0,0067,Castos
0,989,0,011,0,0134,Cedra
0,035,0,965,0,0301,Catelyn Bracken
0,994,0,006,0,0134,Cedric Payne
0,795,0,205,0,0033,Cedrik Storm
0,958,0,042,0,0067,Cerrick
0,997,0,003,0,0067,Cetheres
0,92,0,08,0,0000,Catelyn Stark
0,674,0,326,0,0134,Cheyk
0,574,0,426,0,0167,Chiggen
0,207,0,793,0,0268,Clarence Crabb
0,213,0,787,0,0134,Clarence Charlton
0,718,0,282,0,0067,Clarence Crabb (Short)
0,984,0,016,0,0134,Clement
0,444,0,556,0,0033,Cleyton Caswell
0,65,0,35,0,0067,Clifford Conklyn
0,724,0,276,0,0167,Colen of Greenpools
0,93,0,07,0,0167,Collio Quaynis
0,908,0,092,0,0134,Conn
0,795,0,205,0,0033,Coratt
0,859,0,141,0,0000,Cosgrove
0,981,0,019,0,0134,Cossomo
0,993,0,007,0,0000,Courtenay Greenhill
0,093,0,907,0,0669,Cregan Karstark
0,193,0,807,0,0334,Cutjack
0,537,0,463,0,0000,Dacks
0,049,0,951,0,0870,Daella Targaryen (daughter of Jaehaerys I)
0,1,0,0803,Daella Targaryen (daughter of Maekar I)
0,005,0,995,0,0936,Daenerys Targaryen (daughter of Aegon IV)
0,037,0,963,0,5184,Daeron I Targaryen
0,1,0,2274,Daena Targaryen
0,907,0,093,0,0067,Daeryssa
0,26,0,74,0,2274,Daeron Targaryen (son of Viserys I)
0,998,0,002,0,0167,Dagon Ironmaker
0,382,0,618,0,1304,Daeron Targaryen (son of Maekar I)
0,07,0,93,0,7659,Daeron II Targaryen
0,783,0,217,0,0100,Dake
0,979,0,021,0,0100,Dale Drumm
0,855,0,145,0,0067,Dalla (Dragonstone)
0,158,0,842,0,0000,Damon Lannister (lord)
0,985,0,015,0,0033,Dan
0,178,0,822,0,0602,Damon Lannister (son of Jason)
0,73,0,27,0,0100,Darla Deddings
0,796,0,204,0,0234,Danos Slynt
0,98,0,02,0,0134,Daughter of the Dusk
0,933,0,067,0,0134,Del
0,986,0,014,0,0100,Denestan
0,983,0,017,0,0167,Denyo Terys
0,899,0,101,0,0268,Dennis Plumm
0,997,0,003,0,0167,Denys Drumm
0,955,0,045,0,0736,Denys Redwyne
0,813,0,187,0,0736,Denyse Hightower
0,92,0,08,0,0134,Dhazzar
0,193,0,807,0,0301,Dick Follard
0,976,0,024,0,0268,Dickon Manwoody
0,183,0,817,0,0268,Dobber
0,996,0,004,0,0167,Donnel Drumm
0,71,0,29,0,0602,Donel Greyjoy
0,106,0,894,0,0970,Donella Hornwood
0,813,0,187,0,0435,Donnel Hill
0,769,0,231,0,0067,Donnis
0,724,0,276,0,0000,Donyse
0,817,0,183,0,0201,Dorcas
0,746,0,254,0,0033,Dornish Dilly
0,719,0,281,0,0134,Dorren Stark
0,946,0,054,0,0167,Draqaz
0,769,0,231,0,0134,Drennan
0,783,0,217,0,0000,Dudley
0,975,0,025,0,0167,Dryn
0,724,0,276,0,0067,Dunaver
0,153,0,847,0,0435,Durran
0,835,0,165,0,0167,Dyah
0,443,0,557,0,0100,Dykk Harlaw
0,702,0,298,0,0033,Easy
0,243,0,757,0,1405,Duncan Targaryen
0,903,0,097,0,0067,Edgerran Oakheart
0,532,0,468,0,0033,Eden Risley
0,798,0,202,0,0234,Edmund Ambrose
0,724,0,276,0,0201,Edwyn Osgrey
0,137,0,863,0,0134,Eggon
0,984,0,016,0,0067,Eglantine
0,533,0,467,0,0134,Egon Emeros
0,961,0,039,0,0134,Eldiss
0,996,0,004,0,0167,Eldred Codd
0,085,0,915,0,1371,Elaena Targaryen
0,718,0,282,0,0134,Elys Westerling
0,759,0,241,0,0134,Elyas Willum
0,715,0,285,0,0100,Elza
0,988,0,012,0,0167,Emma
0,79,0,21,0,0702,Elys Waynwood
0,796,0,204,0,0435,Emrick
0,773,0,227,0,0000,Endehar
0,993,0,007,0,0167,Emphyria Vance
0,2,0,8,0,0000,Enger
0,951,0,049,0,0502,Erik Ironmaker
0,759,0,241,0,0033,Erreck
0,774,0,226,0,0167,Erreg
0,983,0,017,0,0067,Errok
0,923,0,077,0,0000,Erryk (guard)
0,813,0,187,0,0000,Esgred
0,985,0,015,0,0100,Eustace (Braavos)
0,216,0,784,0,0368,Eustace (Dance of the Dragons)
0,987,0,013,0,0067,Ezzara
0,058,0,942,0,7391,Euron Greyjoy
0,988,0,012,0,0134,Ezzelyno
0,76,0,24,0,0067,Fern
0,991,0,009,0,0167,Ferny
0,804,0,196,0,0033,Ferret
0,543,0,457,0,0201,Fogo
0,793,0,207,0,0100,Fornio
0,999,0,001,0,0067,Fralegg
0,213,0,787,0,0435,Frenya
0,988,0,012,0,0000,Frynne
0,199,0,801,0,0334,Gage
0,793,0,207,0,0000,Galladon of Morne
0,997,0,003,0,0100,Gallard
0,99,0,01,0,0033,Galt
0,717,0,283,0,0134,Galtry the Green
0,724,0,276,0,0067,Galyeon of Cuy
0,719,0,281,0,0033,Gareth the Grey
0,796,0,204,0,0201,Garigus
0,998,0,002,0,0067,Garizon
0,802,0,198,0,0000,Gariss
0,989,0,011,0,0134,Garrett Paege
0,796,0,204,0,0134,Garth XII Gardener
0,374,0,626,0,0201,Garth of Oldtown
0,993,0,007,0,0134,Gascoyne
0,283,0,717,0,0067,Gavin
0,303,0,697,0,0268,Gelmarr
0,712,0,288,0,0167,Gerren
0,008,0,992,0,0870,Gerold Lannister
0,007,0,993,0,0234,Ghael
0,984,0,016,0,0100,Gillam
0,659,0,341,0,0167,Gladden Wylde
0,001,0,999,0,0803,Glendon Flowers
0,99,0,01,0,0167,Goady
0,71,0,29,0,0000,Godwyn
0,998,0,002,0,0067,Gormond Drumm
0,486,0,514,0,0167,Gowen Baratheon
0,434,0,566,0,0100,Grance Morrigen
0,518,0,482,0,0134,Grazdan
0,004,0,996,0,0201,Grazdan zo Galare
0,719,0,281,0,0000,Green Gergen
0,7,0,3,0,0134,Great Walrus
0,988,0,012,0,0167,Gretchel
0,586,0,414,0,0769,Grey King
0,922,0,078,0,0201,Griffin King
0,848,0,152,0,0067,Grigg
0,941,0,059,0,0033,Grisel
0,293,0,707,0,0100,Grisella
0,994,0,006,0,0033,Gulian
0,98,0,02,0,0134,Gulian Qorgyle
0,937,0,063,0,0033,Gurn
0,998,0,002,0,0067,Guyne
0,832,0,168,0,0435,Gwayne Corbray
0,162,0,838,0,0368,Gwayne Gaunt
0,959,0,041,0,0268,Gwin Goodbrother
0,988,0,012,0,0033,Gyles
0,981,0,019,0,0134,Gyleno Dothare
0,997,0,003,0,0100,Gyles Farwynd
0,638,0,362,0,0569,Gwynesse Harlaw
0,946,0,054,0,0167,Gyles Grafton
0,979,0,021,0,0134,Gyloro Dothare
0,702,0,298,0,0201,Gyles III Gardener
0,303,0,697,0,0268,Gynir
0,228,0,772,0,0201,Haggon
0,997,0,003,0,0268,Gysella Goodbrother
0,666,0,334,0,0201,Hali
0,267,0,733,0,1271,Haldon
0,705,0,295,0,0134,Harbert Paege
0,988,0,012,0,0201,Hamish the Harper
0,301,0,699,0,1070,Halys Hornwood
0,982,0,018,0,0234,Harghaz
0,193,0,807,0,0502,Hareth (Mole's Town)
0,598,0,402,0,0167,Harlan Grandison
0,303,0,697,0,0134,Harle the Handsome
0,761,0,239,0,0167,Harle the Huntsman
0,864,0,136,0,0468,Harlon Botley
0,94,0,06,0,0100,Harmund Sharp
0,704,0,296,0,0635,Harlon Greyjoy
0,998,0,002,0,0067,Harodon
0,804,0,196,0,0167,Harra
0,935,0,065,0,0167,Harrag Sharp
0,403,0,597,0,0268,Harrag Hoare
0,998,0,002,0,0167,Harren Half-Hoare
0,969,0,031,0,0602,Harren Botley
0,193,0,807,0,0234,Harrold Osgrey
0,968,0,032,0,0167,Harry Sawyer
0,813,0,187,0,0033,Harsley
0,152,0,848,0,1003,Harwyn Hoare
0,741,0,259,0,0167,Hayhead
0,905,0,095,0,0100,Hazrak zo Loraq
0,73,0,27,0,0468,Harwyn Plumm
0,022,0,978,0,0234,Helicent Uffering
0,991,0,009,0,0100,Helliweg
0,985,0,015,0,0134,Helly
0,927,0,073,0,0167,Helya
0,773,0,227,0,0067,Henk
0,885,0,115,0,0067,Henly (House Ashford)
0,976,0,024,0,0100,Herbert Bolling
0,262,0,738,0,0401,Hendry Bracken
0,232,0,768,0,0201,Heward
0,988,0,012,0,0134,Hibald
0,997,0,003,0,0067,Hilmar Drumm
0,702,0,298,0,0033,Hod
0,988,0,012,0,0100,Hoke
0,837,0,163,0,0033,Holger
0,709,0,291,0,0334,Hop-Robin
0,951,0,049,0,0134,Hugh Beesbury
0,738,0,262,0,0134,Humfrey Clifton
0,873,0,127,0,0000,Hunnimore
0,659,0,341,0,0435,Husband
0,76,0,24,0,0401,Illifer
0,813,0,187,0,0100,Ironbelly
0,034,0,966,0,1873,Jaehaerys Targaryen (son of Aegon II)
0,023,0,977,0,2809,Jaehaera Targaryen
0,822,0,178,0,0000,Jaggot
0,207,0,793,0,4950,Jaehaerys II Targaryen
0,729,0,271,0,1271,Jaime Frey
0,009,0,991,0,6589,Jaehaerys I Targaryen
0,983,0,017,0,0000,Jate
0,745,0,255,0,0100,Jate Blackberry
0,794,0,206,0,0569,Jasper Waynwood
0,467,0,533,0,0201,Jayde
0,984,0,016,0,0067,Jeffory Norcross
0,837,0,163,0,0201,Jeffory Mallister
0,722,0,278,0,0301,Jayne Bracken
0,76,0,24,0,0067,Squinty Jeyne
0,961,0,039,0,0535,Jeyne Fossoway
0,703,0,297,0,0334,Jeyne Heddle
0,725,0,275,0,0167,Jeyne Swann
0,213,0,787,0,1104,Jeyne Westerling (wife of Maegor I)
0,002,0,998,0,0736,Jeyne Waters
0,385,0,615,0,4247,Jeyne Westerling
0,993,0,007,0,0167,Jocelyn Swyft
0,692,0,308,0,0033,Jodge
0,879,0,121,0,0234,Joanna Swyft
0,054,0,946,0,2308,Joanna Lannister
0,848,0,152,0,0201,Johanna Swann
0,987,0,013,0,0100,Jommo
0,898,0,102,0,0033,Jommy
0,544,0,456,0,0502,Jon Cupps
0,893,0,107,0,0067,Jon Heddle
0,687,0,313,0,0268,Jon Hollard
0,993,0,007,0,0067,Jon Penny
0,53,0,47,0,0167,Jon Penrose
0,982,0,018,0,0167,Jon Pox
0,841,0,159,0,0234,Jon Vance
0,847,0,153,0,0702,Jon Umber (Smalljon)
0,624,0,376,0,1839,Jon Umber (Greatjon)
0,016,0,984,0,0769,Jon Waters
0,991,0,009,0,0033,Jorquen
0,813,0,187,0,0000,Jorgen
0,99,0,01,0,0033,Joseran
0,122,0,878,0,0301,Joseth
0,9,0,1,0,0134,Joseth Mallister
0,574,0,426,0,0033,Joss
0,985,0,015,0,0100,Joss the Gloom
0,76,0,24,0,0000,Joth Quickbow
0,783,0,217,0,0134,Josua Willum
0,989,0,011,0,0134,Jurne
0,928,0,072,0,0234,Jothos Slynt
0,12,0,88,0,0301,Jyck
0,983,0,017,0,0134,Jyzene
0,983,0,017,0,0167,Kegs
0,947,0,053,0,0033,Kella
0,997,0,003,0,0100,Kemmett Pyke
0,975,0,025,0,0067,Kenned
0,737,0,263,0,0000,Ketter
0,813,0,187,0,0000,Kirby Pimm
0,995,0,005,0,0167,Kojja Mo
0,767,0,233,0,0268,Kirth Vance
0,193,0,807,0,0368,Koss
0,514,0,486,0,0067,Kromm
0,212,0,788,0,0368,Kurz
0,199,0,801,0,0268,Kyle
0,957,0,043,0,0000,Kyle (brotherhood)
0,499,0,501,0,0201,Kyle Royce
0,318,0,682,0,0100,Kyleg
0,809,0,191,0,0000,Kym
0,847,0,153,0,0100,Lamprey
0,809,0,191,0,0201,Lancel V Lannister
0,816,0,184,0,0201,Lanna
0,971,0,029,0,0268,Lanna (Happy Port)
0,964,0,036,0,0201,Larraq
0,712,0,288,0,0234,Layna
0,824,0,176,0,0836,Lem
0,797,0,203,0,0736,Leana Frey
0,702,0,298,0,0033,Lennocks
0,019,0,981,0,0134,Lem (Standfast)
0,883,0,117,0,0067,Lenn
0,975,0,025,0,0100,Lenyl
0,998,0,002,0,0100,Lenwood Tawney
0,52,0,48,0,0535,Leo Tyrell (Longthorn)
0,929,0,071,0,1237,Leona Tyrell
0,923,0,077,0,1304,Leo Tyrell (son of Victor)
0,984,0,016,0,0167,Lester
0,823,0,177,0,0000,Lew (guard)
0,677,0,323,0,0067,Lewis Lanster
0,81,0,19,0,0334,Lewys Piper
0,669,0,331,0,0502,Leyla Hightower
0,773,0,227,0,1371,Lia Serry
0,989,0,011,0,0167,Liane Vance
0,793,0,207,0,0033,Lister
0,258,0,742,0,0000,Long Lew
0,982,0,018,0,0100,Lorcas
0,692,0,308,0,0100,Lorent Lorch
0,962,0,038,0,0134,Lorimer
0,759,0,241,0,0234,Lorren
0,817,0,183,0,0000,Lothar
0,912,0,088,0,1271,Lorent Tyrell
0,982,0,018,0,0067,Lotho Lornel
0,427,0,573,0,0134,Lucan
0,843,0,157,0,0167,Lucamore Strong
0,983,0,017,0,0100,Lucantine Woodwright
0,65,0,35,0,0033,Lucas Nayland
0,718,0,282,0,0134,Lucas Roote
0,973,0,027,0,0067,Lucifer Hardy
0,988,0,012,0,0033,Luco Prestayn
0,909,0,091,0,0468,Lucimore Botley
0,989,0,011,0,0067,Lucos
0,773,0,227,0,0134,Luke of Longtown
0,95,0,05,0,1237,Lucas Tyrell
0,99,0,01,0,0134,Lum
0,97,0,03,0,0234,Luton
0,897,0,103,0,1304,Luthor Tyrell (son of Moryn)
0,881,0,119,0,1371,Luthor Tyrell (son of Theodore)
0,94,0,06,0,0134,Lymond Mallister
0,712,0,288,0,0067,Lync
0,702,0,298,0,0134,Lyonel (knight)
0,795,0,205,0,0134,Lyonel Bentley
0,988,0,012,0,0201,Lyonel Tyrell (lord)
0,615,0,385,0,1304,Lysa Meadows
0,945,0,055,0,1304,Lyonel Tyrell (son of Leo)
0,99,0,01,0,0134,Maddy
0,811,0,189,0,0033,Maerie (Goodwife)
0,76,0,24,0,0033,Maerie (Whore)
0,76,0,24,0,0569,Maggy
0,822,0,178,0,0067,Malcolm
0,394,0,606,0,0167,Malleon
0,767,0,233,0,0067,Malliard
0,717,0,283,0,0000,Mallor (Knight)
0,674,0,326,0,0067,Mallor
0,598,0,402,0,0100,Manfred Dondarrion
0,738,0,262,0,0100,Manfred Lothston
0,725,0,275,0,0167,Manfred Swann
0,983,0,017,0,0067,Manfryd Lothston
0,76,0,24,0,0201,Manfryd Yew
0,907,0,093,0,0435,Marei
0,193,0,807,0,0334,Marghaz zo Loraq
0,985,0,015,0,0067,Maris
0,677,0,323,0,0301,Marq Grafton
0,989,0,011,0,0067,Martyn Mullendore
0,374,0,626,0,0134,Maslyn
0,704,0,296,0,0167,Mathos Mallarawan
0,965,0,035,0,0033,Matrice
0,702,0,298,0,0033,Matt
0,99,0,01,0,0134,Maynard
0,199,0,801,0,0234,Maynard Plumm
0,484,0,516,0,0100,Mazdhan zo Loraq
0,767,0,233,0,0067,Mebble
0,767,0,233,0,0067,Meha
0,997,0,003,0,0100,Mela
0,873,0,127,0,0067,Meizo Mahr
0,835,0,165,0,0000,Melaquin
0,734,0,266,0,1204,Medwick Tyrell
0,746,0,254,0,0000,Meliana
0,989,0,011,0,0033,Melicent
0,989,0,011,0,0100,Mellei
0,7,0,3,0,0033,Melly
0,116,0,884,0,2375,Mellos
0,971,0,029,0,0268,Meralyn
0,988,0,012,0,0201,Merling Queen
0,904,0,096,0,0468,Mero
0,725,0,275,0,0669,Merrell Florent
0,983,0,017,0,0067,Michael Mertyns
0,932,0,068,0,0167,Miklaz
0,729,0,271,0,0368,Mollander
0,998,0,002,0,0100,Mollos
0,979,0,021,0,0100,Moonshadow
0,574,0,426,0,0100,Moreo Tumitis
0,996,0,004,0,0167,Morgarth
0,963,0,037,0,0167,Moro
0,993,0,007,0,0100,Morra
0,106,0,894,0,0268,Morrec
0,767,0,233,0,0234,Mors Manwoody
0,714,0,286,0,0134,Mortimer Boggs
0,044,0,956,0,0669,Mors Martell (brother of Doran)
0,116,0,884,0,0435,Mother Mole
0,735,0,265,0,0000,Mudge (brotherhood)
0,759,0,241,0,0033,Mudge (miller)
0,731,0,269,0,0000,Mudge (swineherd)
0,724,0,276,0,0067,Munciter
0,813,0,187,0,0502,Mully
0,795,0,205,0,0100,Murch
0,903,0,097,0,0033,Murch (Winterfell)
0,632,0,368,0,0134,Myles (squire)
0,213,0,787,0,0468,Myrtle
0,987,0,013,0,0033,Nage
0,744,0,256,0,0134,Nail
0,757,0,243,0,0268,Narbert
0,994,0,006,0,0100,Narbo
0,795,0,205,0,0970,Nan
0,702,0,298,0,0033,Ned (ferryman)
0,986,0,014,0,0201,Nella
0,784,0,216,0,0167,Ned Woods
0,748,0,252,0,0201,Nissa Nissa
0,983,0,017,0,0167,Nightingale
0,78,0,22,0,0000,Nolla
0,999,0,001,0,0067,Norjen
0,998,0,002,0,0167,Norren
0,998,0,002,0,0067,Nymos
0,715,0,285,0,1271,Normund Tyrell
0,996,0,004,0,0067,Ocley
0,237,0,763,0,0368,Ogo
0,99,0,01,0,0000,Old Crackbones
0,998,0,002,0,0100,Old Grey Gull
0,984,0,016,0,0134,Old Tattersalt
0,719,0,281,0,0134,Old Henly
0,934,0,066,0,0234,Olyvar Oakheart
0,925,0,075,0,1271,Olene Tyrell
0,988,0,012,0,0134,Orbelo
0,984,0,016,0,0033,Orivel
0,774,0,226,0,0803,Orell
0,822,0,178,0,0000,Ormond (knight)
0,757,0,243,0,0100,Ormond Osgrey
0,822,0,178,0,0000,Ormond Westerling
0,986,0,014,0,0134,Oro Tendyris
0,497,0,503,0,0134,Ormund Wylde
0,786,0,214,0,0033,Osmynd
0,988,0,012,0,0100,Ossy
0,822,0,178,0,0033,Oswyn
0,073,0,927,0,0569,Othor
0,804,0,196,0,0067,Otter Gimpknee
0,979,0,021,0,0067,Ottomore
0,982,0,018,0,0134,Owen (brother of Meribald)
0,315,0,685,0,0368,Owen
0,883,0,117,0,0134,Owen Inchfield
0,829,0,171,0,0201,Palla
0,813,0,187,0,0067,Pate (Old)
0,783,0,217,0,0033,Pate (Mory)
0,793,0,207,0,0033,Pate (Lancewood)
0,712,0,288,0,0033,Pate (Pinchbottom)
0,047,0,953,0,0067,Pate (Night's Watch)
0,712,0,288,0,0033,Pate (Shermer's Grove)
0,968,0,032,0,0134,Pate (Standfast)
0,993,0,007,0,0033,Penny Jenny
0,198,0,802,0,1873,Penny
0,988,0,012,0,0201,Perros Blackmont
0,786,0,214,0,0067,Perwyn Osgrey
0,737,0,263,0,0268,Peter Plumm
0,972,0,028,0,0000,Plummer
0,982,0,018,0,0100,Poetess
0,813,0,187,0,0100,Pollitor
0,917,0,083,0,0067,Porridge
0,205,0,795,0,0100,Porther
0,988,0,012,0,0100,Portifer Woodwright
0,532,0,468,0,0067,Poul Pemford
0,358,0,642,0,0100,Poxy Tym
0,759,0,241,0,0167,Praed
0,983,0,017,0,0134,Puckens
0,796,0,204,0,0033,Pudding
0,83,0,17,0,0033,Puddingfoot
0,926,0,074,0,0100,Qalen
0,998,0,002,0,0167,Qarl the Thrall
0,487,0,513,0,0067,Qarl Kenning
0,705,0,295,0,0268,Qarl Correy
0,955,0,045,0,0067,Qarl Shepherd
0,986,0,014,0,0033,Qarl Quickaxe
0,719,0,281,0,0033,Qos
0,99,0,01,0,0201,Quellon Humble
0,16,0,84,0,0301,Quaro
0,222,0,778,0,1639,Aelinor Penrose
0,7,0,3,0,0301,Aemon Estermont
0,76,0,24,0,0334,Aemon Rivers
0,955,0,045,0,0134,Aglantine
0,933,0,067,0,0201,Aladale Wynch
0,693,0,307,0,0334,Albett
0,826,0,174,0,0334,Albar Royce
0,979,0,021,0,0134,Alesander Staedmon
0,607,0,393,0,0669,Alekyne Florent
0,817,0,183,0,1438,Alesander Frey
0,724,0,276,0,0803,Alester Norcross
0,771,0,229,0,0635,Allard Seaworth
0,161,0,839,0,0435,Allar Deem
0,969,0,031,0,1505,Alla Tyrell
0,114,0,886,0,0401,Alyn Cockshaw
0,899,0,101,0,0234,Alyce Graceford
0,981,0,019,0,0602,Alyn Connington
0,733,0,267,0,0334,Alyn Ambrose
0,691,0,309,0,0268,Alyn Estermont
0,523,0,477,0,0268,Alyn Stackspear
0,813,0,187,0,1371,Alyn Frey
0,761,0,239,0,0736,Alyn Haigh
0,787,0,213,0,1538,Alysanne Bulwer
0,367,0,633,0,0134,Alysanne Lefford
0,688,0,312,0,0669,Alys Frey
0,306,0,694,0,0970,Alyssa Blackwood
0,797,0,203,0,1438,Alyx Frey
0,761,0,239,0,1538,Amarei Crakehall
0,001,0,999,0,4147,Ambrose Butterwell
0,307,0,693,0,0401,Andar Royce
0,133,0,867,0,0535,Andros Brax
0,467,0,533,0,0803,Antario Jast
0,813,0,187,0,0368,Andrew Estermont
0,711,0,289,0,0635,Annara Farring
0,131,0,869,0,0435,Ardrian Celtigar
0,76,0,24,0,0870,Anya Waynwood
0,732,0,268,0,1338,Androw Frey
0,813,0,187,0,0067,Armond Caswell
0,561,0,439,0,0602,Arthur Ambrose
0,059,0,941,0,0435,Arthor Karstark
0,747,0,253,0,0468,Arwyn Frey
0,204,0,796,0,1037,Artos Stark
0,707,0,293,0,1639,Arwood Frey
0,76,0,24,0,0100,Lord Ashford
0,979,0,021,0,0167,Azzak
0,617,0,383,0,0669,Baelor Hightower
0,785,0,215,0,0736,Balman Byrch
0,786,0,214,0,3545,Barth
0,805,0,195,0,0201,Bayard Norcross
0,76,0,24,0,0502,Bedwyck
0,417,0,583,0,1271,Barthogan Stark
0,603,0,397,0,1338,Bellena Hawick
0,835,0,165,0,0268,Benedar Belmore
0,989,0,011,0,0201,Benedict Broom
0,99,0,01,0,0100,Bennard Brune
0,749,0,251,0,0736,Benfrey Frey
0,181,0,819,0,0702,Beren Tallhart
0,59,0,41,0,0635,Berena Hornwood
0,135,0,865,0,0702,Beth Cassel
0,25,0,75,0,2341,Beron Stark
0,982,0,018,0,0033,Bhakaz zo Loraq
0,488,0,512,0,0602,Bethany Redwyne
0,899,0,101,0,0669,Bethany Rosby
0,951,0,049,0,0201,Black Bernarr
0,672,0,328,0,1405,Betharios of Braavos
0,916,0,084,0,0635,Boremund Harlaw
0,725,0,275,0,1405,Bradamar Frey
0,849,0,151,0,0067,Branston Cuy
0,067,0,933,0,0602,Brandon Tallhart
0,532,0,468,0,0268,Bryan Fossoway
0,796,0,204,0,1003,Bryan Frey
0,729,0,271,0,0334,Bryen Farring
0,215,0,785,0,0268,Bryen Caron
0,486,0,514,0,0368,Burton Crakehall
0,707,0,293,0,0167,Craghas Drahar
0,774,0,226,0,1405,Carolei Waynwood
0,382,0,618,0,0134,Lord Caswell
0,198,0,802,0,0301,Cayn
0,523,0,477,0,0702,Cerenna Lannister
0,761,0,239,0,1338,Cersei Frey
0,18,0,82,0,0635,Chayle
0,76,0,24,0,0100,Clarent Crakehall
0,973,0,027,0,0134,Clement Crabb
0,953,0,047,0,0702,Clement Piper
0,367,0,633,0,0736,Cley Cerwyn
0,796,0,204,0,0268,Clubfoot Karl
0,773,0,227,0,0268,Conwy
0,753,0,247,0,0836,Colin Florent
0,813,0,187,0,0468,Colmar Frey
0,968,0,032,0,0234,Corliss Penny
0,8,0,2,0,0234,Creighton Redfort
0,975,0,025,0,0067,Cuger
0,212,0,788,0,4849,Cregan Stark
0,848,0,152,0,0769,Cyrenna Swann
0,716,0,284,0,1438,Cynthea Frey
0,997,0,003,0,0167,Daegon Shepherd
0,977,0,023,0,0100,Daeron Vaith
0,809,0,191,0,1037,Dafyn Vance
0,275,0,725,0,0736,Dagon Greyjoy
0,315,0,685,0,0502,Dalbridge
0,781,0,219,0,0201,Damon Paege
0,984,0,016,0,0100,Damon Shett
0,841,0,159,0,1572,Damon Vypren
0,915,0,085,0,0401,Dancy
0,676,0,324,0,1672,Dareon
0,099,0,901,0,0836,Darlessa Marbrand
0,078,0,922,0,0870,Daryn Hornwood
0,499,0,501,0,1806,Danwell Frey
0,711,0,289,0,0970,Deana Hardyng
0,75,0,25,0,1171,Delena Florent
0,797,0,203,0,0502,Della Frey
0,788,0,212,0,0134,Delp
0,786,0,214,0,0268,Delonne Allyrion
0,269,0,731,0,0569,Denys Darklyn
0,83,0,17,0,0836,Denys Arryn
0,989,0,011,0,0234,Dermot
0,202,0,798,0,0435,Desmond
0,913,0,087,0,0769,Desmond Redwyne
0,978,0,022,0,0268,Deziel Dalt
0,94,0,06,0,1037,Dickon Tarly
0,725,0,275,0,0870,Dickon Frey
0,813,0,187,0,0435,Dirk
0,735,0,265,0,0167,Dolf
0,796,0,204,0,0870,Donnel Haigh
0,796,0,204,0,0368,Donnel of Duskendale
0,7,0,3,0,0368,Donnel Locke
0,57,0,43,0,0602,Donnel Waynwood
0,277,0,723,0,0803,Donnor Stark
0,762,0,238,0,0268,Dormund
0,98,0,02,0,0268,Duram Bar Emmon
0,704,0,296,0,0435,Ebben
0,982,0,018,0,0100,Edderion Stark
0,043,0,957,0,3579,Edmyn Tully
0,075,0,925,0,0401,Eddara Tallhart
0,739,0,261,0,0268,Edrick Stark
0,532,0,468,0,0234,Edwyd Fossoway
0,985,0,015,0,0100,Edwyn Stark
0,404,0,596,0,1070,Edwyle Stark
0,667,0,333,0,0769,Elder Brother
0,825,0,175,0,0468,Elbert Arryn
0,496,0,504,0,0301,Eleanor Mooton
0,704,0,296,0,0268,Ellery Vance
0,971,0,029,0,0134,Elron
0,954,0,046,0,1639,Elinor Tyrell
0,659,0,341,0,0669,Elmar Frey
0,982,0,018,0,0167,Elwood
0,835,0,165,0,0502,Elwood Meadows
0,764,0,236,0,1605,Elyana Vypren
0,786,0,214,0,1271,Elyn Norridge
0,823,0,177,0,0803,Emberlei Frey
0,138,0,862,0,0669,Endrew Tarth
0,01,0,99,0,0334,Eroeh
0,815,0,185,0,0468,Eon Hunter
0,818,0,182,0,1137,Ermesande Hayford
0,809,0,191,0,0535,Erena Glover
0,813,0,187,0,0870,Erren Florent
0,98,0,02,0,0167,Eustace Brune
0,973,0,027,0,0234,Eustace Hunter
0,991,0,009,0,0100,Eyron Stark
0,955,0,045,0,0167,Ferrego Antaryon
0,614,0,386,0,0635,Forley Prester
0,952,0,048,0,0201,Franklyn Fowler
0,337,0,663,0,1405,Flement Brax
0,818,0,182,0,0435,Frenken
0,255,0,745,0,0368,Franklyn Frey
0,983,0,017,0,0134,Gareth Clifton
0,982,0,018,0,0134,Garrison Prester
0,736,0,264,0,0301,Garth of Greenaway
0,884,0,116,0,1304,Garrett Flowers
0,816,0,184,0,0669,Garse Goodbrook
0,878,0,122,0,1304,Garse Flowers
0,152,0,848,0,0301,Garth Greenfield
0,767,0,233,0,0502,Garth Greyfeather
0,288,0,712,0,0167,Gawen Swann
0,795,0,205,0,0468,Gawen Glover
0,796,0,204,0,0134,Gawen Wylde
0,898,0,102,0,1639,Garth Tyrell
0,216,0,784,0,0569,Gendel
0,306,0,694,0,0836,Gawen Westerling
0,683,0,317,0,0234,Gerald Gower
0,718,0,282,0,0234,Gerold Grafton
0,033,0,967,0,0234,Gerardys
0,494,0,506,0,0468,Gilbert Farring
0,758,0,242,0,0268,Glendon Hewett
0,278,0,722,0,0401,Gilwood Hunter
0,275,0,725,0,0870,Godric Borrell
0,979,0,021,0,0067,Goodwin
0,131,0,869,0,0602,Gormon Peake
0,086,0,914,0,0535,Gorne
0,457,0,543,0,1538,Gormon Tyrell
0,996,0,004,0,0234,Grazdan mo Eraz
0,001,0,999,0,0301,Grazdan mo Ullhor
0,875,0,125,0,0100,Grazdar zo Galare
0,908,0,092,0,0201,Grubbs
0,968,0,032,0,0134,Gueren
0,195,0,805,0,0401,Guncer Sunglass
0,149,0,851,0,0334,Gulian Swann
0,98,0,02,0,0167,Guthor Grimm
0,758,0,242,0,0535,Gunthor Hightower
0,201,0,799,0,1572,Gyldayn
0,217,0,783,0,0502,Gwayne Hightower
0,747,0,253,0,0334,Hairy Hal
0,167,0,833,0,0268,Hake
0,235,0,765,0,0602,Halder
0,858,0,142,0,0702,Hallis Mollen
0,986,0,014,0,0167,Halmon Paege
0,718,0,282,0,0234,Harbert
0,643,0,357,0,0268,Harlan Hunter
0,437,0,563,0,0635,Harlen Tyrell
0,893,0,107,0,0167,Harmond Umber
0,316,0,684,0,0435,Harmune
0,129,0,871,0,2709,Harrold Westerling
0,979,0,021,0,0301,Harwood Fell
0,17,0,83,0,0870,Harwin Strong
0,966,0,034,0,0535,Harwood Stout
0,724,0,276,0,0903,Harys Haigh
0,486,0,514,0,1304,Helman Tallhart
0,466,0,534,0,0602,Lord Commander Hoare
0,767,0,233,0,2140,Hobber Redwyne
0,387,0,613,0,0201,Hoarfrost Umber
0,66,0,34,0,0769,Hosman Norcross
0,76,0,24,0,0903,Hoster Frey
0,742,0,258,0,2174,Horas Redwyne
0,598,0,402,0,0201,Hubard Rambton
0,848,0,152,0,0468,Horton Redfort
0,916,0,084,0,0769,Hotho Harlaw
0,052,0,948,0,0368,Hugo Wull
0,17,0,83,0,0502,Hugor of the Hill
0,976,0,024,0,0268,Hugo Vance
0,284,0,716,0,0602,Hullen
0,603,0,397,0,0268,Humfrey Beesbury
0,181,0,819,0,0535,Humfrey Hardyng
0,998,0,002,0,0100,Humfrey Swyft
0,984,0,016,0,0167,Humfrey Wagstaff
0,68,0,32,0,0268,Igon Vyrwel
0,261,0,739,0,0334,Jacks
0,591,0,409,0,1003,Janei Lannister
0,809,0,191,0,0903,Jammos Frey
0,781,0,219,0,1773,Janna Tyrell
0,021,0,979,0,0602,Jaremy Rykker
0,713,0,287,0,0502,Jarl
0,211,0,789,0,0468,Jason Lannister
0,402,0,598,0,0435,Jasper Arryn
0,825,0,175,0,0234,Jasper Redfort
0,726,0,274,0,0201,Jeren
0,223,0,777,0,0334,Jeyne Arryn
0,404,0,596,0,0602,Jeyne Beesbury
0,06,0,94,0,0769,Jeyne Darry
0,904,0,096,0,0635,Jeyne Goodbrook
0,817,0,183,0,0201,Jeyne Rivers
0,697,0,303,0,1003,Jeyne Lydden
0,725,0,275,0,0234,Joffrey Lonmouth
0,01,0,99,0,0234,Joffrey Caswell
0,98,0,02,0,0167,Jon Bettley
0,767,0,233,0,1137,Jon Brax
0,979,0,021,0,0234,Jon Lynderly
0,997,0,003,0,0234,Jon Myre
0,767,0,233,0,0234,Jon Redfort
0,751,0,249,0,1605,Jon Wylde
0,982,0,018,0,0100,Jonos Stark
0,834,0,166,0,0535,Jonos Frey
0,264,0,736,0,1271,Jonnel Stark
0,086,0,914,0,0635,Joramun
0,986,0,014,0,0100,Jorah Stark
0,384,0,616,0,0468,Jonothor Darry
0,823,0,177,0,0401,Jorelle Mormont
0,994,0,006,0,0201,Jyana
0,676,0,324,0,1037,Joy Hill
0,765,0,235,0,0502,Jyanna Frey
0,633,0,367,0,2609,Kaeth
0,986,0,014,0,0201,Jynessa Blackmont
0,915,0,085,0,0167,Karlon Stark
0,796,0,204,0,0368,Kedge Whiteye
0,677,0,323,0,0334,Kennos of Kayce
0,759,0,241,0,0167,Kezmya
0,694,0,306,0,0535,Kyra
0,764,0,236,0,0669,Kyra Frey
0,968,0,032,0,0167,Lambert Turnberry
0,217,0,783,0,0401,Lark
0,597,0,403,0,0602,Larence Snow
0,684,0,316,0,0268,Larra Blackmont
0,868,0,132,0,0736,Lanna Lannister
0,183,0,817,0,0502,Leathers
0,951,0,049,0,0167,Left Hand Lew
0,29,0,71,0,0569,Leo Lefford
0,663,0,337,0,1271,Leo Blackbar
0,559,0,441,0,0468,Leona Woolfield
0,743,0,257,0,1739,Leonette Fossoway
0,226,0,774,0,0803,Leonella Lefford
0,979,0,021,0,0234,Lester Morrigen
0,855,0,145,0,0000,Lewys the Fishwife
0,68,0,32,0,0368,Lewys Lydden
0,754,0,246,0,0870,Leslyn Haigh
0,745,0,255,0,0334,Lomas Estermont
0,215,0,785,0,0736,Lorent Marbrand
0,834,0,166,0,1070,Loreza Sand
0,558,0,442,0,0167,Lothar Mallery
0,992,0,008,0,0134,Lucas Corbray
0,996,0,004,0,0234,Lucas Codd
0,726,0,274,0,0769,Luceon Frey
0,605,0,395,0,1639,Lucias Vypren
0,96,0,04,0,0201,Lucos Chyttering
0,706,0,294,0,0669,Lucion Lannister
0,212,0,788,0,1706,Luthor Tyrell
0,51,0,49,0,0569,Lyanna Mormont
0,255,0,745,0,0368,Lyessa Flint
0,086,0,914,0,2609,Lyman Beesbury
0,761,0,239,0,0268,Lymond Goodbrook
0,033,0,967,0,0569,Lyman Darry
0,987,0,013,0,0234,Lymond Lychester
0,739,0,261,0,0268,Lymond Vikary
0,921,0,079,0,0167,Lyonel Selmy
0,752,0,248,0,1338,Aggo
0,797,0,203,0,1572,Alys Karstark
0,463,0,537,0,2475,Cleos Frey
0,421,0,579,0,2308,Dontos Hollard
0,529,0,471,0,1706,Craster
0,785,0,215,0,0702,Dale Seaworth
0,814,0,186,0,1304,Denys Mallister
0,437,0,563,0,2843,Edric Storm
0,31,0,69,0,2742,Hosteen Frey
0,881,0,119,0,0803,Lyonel Corbray
0,675,0,325,0,0635,Lyonel Frey
0,001,0,999,0,3344,Lyonel Strong
0,726,0,274,0,1605,Lythene Frey
0,934,0,066,0,0401,Lyra Mormont
0,672,0,328,0,1070,Maegelle Frey
0,308,0,692,0,0268,Mallador Locke
0,76,0,24,0,1371,Malwyn Frey
0,989,0,011,0,0234,Manfrey Martell
0,585,0,415,0,0201,Margot Lannister
0,712,0,288,0,0635,Maric Seaworth
0,747,0,253,0,1037,Marianne Vance
0,099,0,901,0,1906,Mariya Darry
0,817,0,183,0,1605,Marissa Frey
0,905,0,095,0,0368,Maron Martell
0,939,0,061,0,0435,Maron Volmark
0,657,0,343,0,0502,Marq Rankenfell
0,867,0,133,0,0970,Marsella Waynwood
0,058,0,942,0,1003,Matarys Targaryen
0,538,0,462,0,0301,Martyn Rivers
0,483,0,517,0,1371,Martyn Lannister
0,968,0,032,0,0234,Marwyn Belmore
0,745,0,255,0,0836,Mathis Frey
0,883,0,117,0,0234,Matthar
0,861,0,139,0,0234,Mawney
0,36,0,64,0,0167,Medgar Tully
0,001,0,999,0,0635,Medger Cerwyn
0,92,0,08,0,1538,Megga Tyrell
0,994,0,006,0,0234,Meldred Merlyn
0,643,0,357,0,0502,Melesa Crakehall
0,978,0,022,0,0669,Melara Crane
0,769,0,231,0,0870,Melessa Florent
0,983,0,017,0,0167,Mellara Rivers
0,544,0,456,0,0301,Melwyn Sarsfield
0,845,0,155,0,0234,Melwys Rivers
0,98,0,02,0,0301,Meredyth Crane
0,817,0,183,0,0836,Merianne Frey
0,797,0,203,0,0268,Merlon Crakehall
0,981,0,019,0,0167,Mezzara
0,901,0,099,0,1639,Mina Tyrell
0,784,0,216,0,0301,Moelle
0,951,0,049,0,0201,Monterys Velaryon
0,991,0,009,0,0100,Moredo Prestayn
0,116,0,884,0,0234,Monford Velaryon
0,985,0,015,0,0201,Moribald Chester
0,723,0,277,0,0368,Morton Waynwood
0,753,0,247,0,1204,Morya Frey
0,984,0,016,0,0234,Mullin
0,874,0,126,0,1405,Moryn Tyrell
0,472,0,528,0,0268,Munda
0,951,0,049,0,0201,Muttering Bill
0,334,0,666,0,0468,Mushroom
0,116,0,884,0,3144,Murmison
0,756,0,244,0,1070,Mylenda Caron
0,135,0,865,0,1672,Myles Smallwood
0,702,0,298,0,0268,Myles Mooton
0,988,0,012,0,0134,Myria Jordayne
0,724,0,276,0,0268,Myles Manwoody
0,456,0,544,0,0134,Mysaria
0,591,0,409,0,0702,Myrielle Lannister
0,998,0,002,0,0134,Noho Dimittis
0,998,0,002,0,0201,Norne Goodbrother
0,736,0,264,0,0368,Norbert Vance
0,72,0,28,0,0435,Nymella Toland
0,797,0,203,0,0268,Nysterica
0,986,0,014,0,0167,Ollidor
0,896,0,104,0,0368,Ollo Lophand
0,401,0,599,0,0836,Olyvar Frey
0,968,0,032,0,0234,Omer Blackberry
0,893,0,107,0,1304,Olymer Tyrell
0,37,0,63,0,0368,Ondrew Locke
0,983,0,017,0,0569,Orbert Caswell
0,469,0,531,0,0134,Ordello
0,768,0,232,0,0702,Omer Florent
0,992,0,008,0,0067,Orland of Oldtown
0,772,0,228,0,0000,Ormond Yronwood
0,971,0,029,0,0234,Orphan Oss
0,826,0,174,0,0268,Osbert Serry
0,761,0,239,0,0502,Osmund Frey
0,759,0,241,0,0569,Oswell Kettleblack
0,945,0,055,0,0870,Ossifer Plumm
0,044,0,956,0,0268,Otho Bracken
0,212,0,788,0,0435,Ottyn Wythers
0,746,0,254,0,0301,Owen Norrey
0,798,0,202,0,1706,Pate of the Blue Fork
0,789,0,211,0,0769,Patrek Mallister
0,805,0,195,0,1037,Patrek Vance
0,75,0,25,0,0736,Perriane Frey
0,747,0,253,0,1003,Perra Frey
0,581,0,419,0,0836,Perwyn Frey
0,15,0,85,0,0502,Philip Foote
0,477,0,523,0,0301,Philip Plumm
0,796,0,204,0,0602,Pono
0,986,0,014,0,0134,Qarro Volentin
0,496,0,504,0,3579,Qarlton Chelsted
0,601,0,399,0,0669,Lord Commander Qorgyle
0,3,0,7,0,0234,Quent
0,947,0,053,0,0234,Quenten Banefort
0,987,0,013,0,0067,Quenton Hightower
0,172,0,828,0,0669,Quentyn Ball
0,786,0,214,0,0234,Quentyn Qorgyle
0,554,0,446,0,0334,Quincy Cox
0,998,0,002,0,0100,Ragwyle
0,966,0,034,0,0468,Ralf Kenning
0,998,0,002,0,0000,Raymun Redbeard
0,96,0,04,0,0201,Raynard
0,738,0,262,0,0702,Raynald Westerling
0,795,0,205,0,0134,Red Alyn of the Rosewood
0,98,0,02,0,0201,Raynard Ruttiger
0,524,0,476,0,1773,Raymund Frey
0,952,0,048,0,0201,Regenard Estren
0,703,0,297,0,0836,Renly Norcross
0,903,0,097,0,0234,Renfred Rykker
0,535,0,465,0,0936,Rhea Royce
0,985,0,015,0,0167,Rennifer Longwaters
0,695,0,305,0,1070,Rhea Florent
0,485,0,515,0,0100,Rhogoro
0,478,0,522,0,0401,Rickard Ryswell
0,415,0,585,0,0268,Rickard Thorne
0,733,0,267,0,1605,Rickard Wylde
0,817,0,183,0,0602,Robert Frey
0,768,0,232,0,0602,Robert Flowers
0,233,0,767,0,0468,Robert Brax
0,661,0,339,0,0569,Robin Hill
0,646,0,354,0,0502,Robin Flint
0,973,0,027,0,0134,Robin Moreland
0,46,0,54,0,0736,Robin Ryger
0,759,0,241,0,0635,Rodrik Flint
0,582,0,418,0,0401,Rodrik Stark
0,834,0,166,0,0401,Rodrik Ryswell
0,784,0,216,0,0268,Roger Hogg
0,409,0,591,0,1304,Rodwell Stark
0,99,0,01,0,0167,Rolland Longthorpe
0,659,0,341,0,0234,Rolland Uffering
0,694,0,306,0,0234,Ronel Rivers
0,66,0,34,0,0334,Ronald Connington
0,767,0,233,0,0268,Ronald Vance
0,944,0,056,0,0201,Roro Uhoris
0,98,0,02,0,0067,Royce Coldwater
0,722,0,278,0,0268,Rufus Leek
0,979,0,021,0,0234,Rugen
0,523,0,477,0,0535,Runcel Hightower
0,193,0,807,0,0401,Rupert Brax
0,968,0,032,0,0702,Rycherd Crane
0,587,0,413,0,3645,Ryam Redwyne
0,796,0,204,0,0635,Ryam Florent
0,518,0,482,0,0234,Ryger Rivers
0,745,0,255,0,1371,Ryella Frey
0,701,0,299,0,1405,Ryella Royce
0,83,0,17,0,0702,Rylene Florent
0,482,0,518,0,0535,Ryon Allyrion
0,001,0,999,0,0702,Saera Targaryen
0,675,0,325,0,0803,Sallei Paege
0,747,0,253,0,1472,Sandor Frey
0,451,0,549,0,0301,Sarya Whent
0,797,0,203,0,1371,Sarra Frey
0,937,0,063,0,0903,Sawane Botley
0,986,0,014,0,0167,Scolera
0,92,0,08,0,0201,Sebaston Farman
0,364,0,636,0,0635,Selwyn Tarth
0,976,0,024,0,0201,Selmond Stackspear
0,074,0,926,0,0435,Serala
0,711,0,289,0,0000,Serwyn of the Mirror Shield
0,761,0,239,0,1371,Serra Frey
0,856,0,144,0,0803,Shella Whent
0,672,0,328,0,0268,Shierle Swyft
0,701,0,299,0,0669,Shiera Crakehall
0,823,0,177,0,0435,Shirei Frey
0,928,0,072,0,0167,Simon Staunton
0,937,0,063,0,0635,Sigfryd Harlaw
0,973,0,027,0,0167,Lord Staunton
0,678,0,322,0,0569,Stannis Seaworth
0,213,0,787,0,0635,Steffon Seaworth
0,747,0,253,0,1003,Steffon Frey
0,805,0,195,0,0301,Steffon Swyft
0,276,0,724,0,0936,Steffon Darklyn
0,989,0,011,0,0201,Steffon Stackspear
0,434,0,566,0,0268,Sumner Crakehall
0,998,0,002,0,0100,Sylas Flatnose
0,848,0,152,0,0870,Sybell Spicer
0,879,0,121,0,0167,Symon Santagar
0,421,0,579,0,0702,Sybelle Glover
0,662,0,338,0,0803,Sylwa Paege
0,687,0,313,0,0435,Symon Hollard
0,722,0,278,0,0301,Symond Templeton
0,661,0,339,0,2007,Symond Frey
0,904,0,096,0,0468,Tallad
0,323,0,677,0,0234,Tanton Fossoway
0,963,0,037,0,0234,Ternesio Terys
0,985,0,015,0,0167,Terrence Kenning
0,95,0,05,0,0167,Theodan Wells
0,183,0,817,0,0401,Terrence Toyne
0,928,0,072,0,1371,Theodore Tyrell
0,951,0,049,0,0435,Theomar Smallwood
0,222,0,778,0,0535,Theomore Harlaw
0,983,0,017,0,0134,Tim Tangletongue
0,994,0,006,0,0100,Three-Tooth
0,835,0,165,0,0201,Titus Peake
0,584,0,416,0,1204,Tion Frey
0,073,0,927,0,0368,Todder
0,209,0,791,0,0635,Tomard
0,988,0,012,0,0067,Tommen Costayne
0,981,0,019,0,0167,Torbert
0,969,0,031,0,0201,Torren Liddle
0,762,0,238,0,0268,Torwynd
0,969,0,031,0,0167,Trebor Jordayne
0,982,0,018,0,0234,Tremond Gargalen
0,739,0,261,0,0535,Tristan Mudd
0,431,0,569,0,0301,Triston of Tally Hill
0,998,0,002,0,0134,Triston Farwynd
0,671,0,329,0,0301,Triston Sunderland
0,884,0,116,0,0100,Tybolt Hetherspoon
0,699,0,301,0,0234,Tybolt Crakehall
0,085,0,915,0,0769,Tybolt Lannister
0,757,0,243,0,0502,Tyana Wylde
0,823,0,177,0,0870,Tyta Frey
0,525,0,475,0,1338,Tyrek Lannister
0,774,0,226,0,0836,Tysane Frey
0,375,0,625,0,0435,Tytos Brax
0,704,0,296,0,0635,Tytos Frey
0,732,0,268,0,0803,Tywin Frey
0,759,0,241,0,0067,Ulrick Dayne
0,986,0,014,0,0201,Ulwyck Uller
0,955,0,045,0,0201,Unella
0,64,0,36,0,0334,Utherydes Wayn
0,984,0,016,0,0100,Uthor Tollett
0,074,0,926,0,0301,Vaemond Velaryon
0,017,0,983,0,0803,Valaena Velaryon
0,433,0,567,0,0535,Vayon Poole
0,243,0,757,0,0368,Vickon Greyjoy
0,1,0,0936,Viserys Plumm
0,788,0,212,0,0401,Vylarr
0,972,0,028,0,0268,Vortimer Crane
0,817,0,183,0,0334,Walda Rivers
0,715,0,285,0,0769,Walder Haigh
0,703,0,297,0,1171,Walder Brax
0,81,0,19,0,0669,Walder Goodbrook
0,53,0,47,0,0234,Waldon Wynch
0,867,0,133,0,0268,Wallace Waynwood
0,931,0,069,0,0435,Walgrave
0,687,0,313,0,1104,Walder Vance
0,993,0,007,0,0100,Walton Stark
0,814,0,186,0,1070,Walton Frey
0,957,0,043,0,0067,Warryn Beesbury
0,768,0,232,0,0502,Waltyr Frey
0,76,0,24,0,0502,Wendel Frey
0,674,0,326,0,1003,Whalen Frey
0,721,0,279,0,0635,Willamen Frey
0,148,0,852,0,0401,Willam Wells
0,009,0,991,0,1204,Willem Darry
0,842,0,158,0,0100,Willam Wythers
0,458,0,542,0,1672,Willem Lannister
0,732,0,268,0,0803,Willem Frey
0,538,0,462,0,1171,Willam Stark
0,447,0,553,0,0435,William Mooton
0,97,0,03,0,0334,Wynton Stout
0,31,0,69,0,1338,Wynafrei Whent
0,357,0,643,0,0435,Ysilla Royce
0,725,0,275,0,0468,Zachery Frey
0,795,0,205,0,0502,Zhoe Blanetree
0,823,0,177,0,0468,Zia Frey
0,46,0,54,0,1304,Addam Marbrand
0,973,0,027,0,2107,Aegor Rivers
0,662,0,338,0,1472,Aenys Frey
0,004,0,996,0,2074,Aerion Targaryen
0,029,0,971,0,3110,Aemond Targaryen
0,751,0,249,0,2375,Amerei Frey
0,703,0,297,0,0167,Androw Ashford
0,976,0,024,0,0602,Anders Yronwood
0,464,0,536,0,1371,Arnolf Karstark
0,315,0,685,1,0000,Arya Stark
0,552,0,448,0,3077,Axell Florent
0,055,0,945,0,3779,Aurane Waters
0,741,0,259,0,1405,Ben Plumm
0,674,0,326,0,0702,Benfred Tallhart
0,497,0,503,0,2174,Boros Blount
0,633,0,367,0,0000,Black Balaq
0,187,0,813,0,0903,Bloodbeard
0,289,0,711,1,0000,Bran Stark
0,062,0,938,0,4716,Bronn
0,167,0,833,0,0669,Bryce Caron
0,923,0,077,0,0368,Butterbumps
0,423,0,577,0,1037,Cassana Estermont
0,085,0,915,0,1973,Chett
0,687,0,313,0,0435,Clayton Suggs
0,834,0,166,1,0000,Cersei Lannister
0,187,0,813,0,0635,Chiswyck
0,784,0,216,0,1037,Cleon
0,096,0,904,0,0334,Cohollo
0,339,0,661,0,1605,Cortnay Penrose
0,947,0,053,0,1505,Cotter Pyke
0,504,0,496,0,0234,Cragorn
0,752,0,248,0,0167,Crawn
0,796,0,204,0,0468,Creighton Longbough
0,747,0,253,0,1839,Cressen
0,105,0,895,0,2207,Daario Naharis
0,834,0,166,0,1204,Dagmer
0,76,0,24,0,0334,Dagos Manwoody
0,887,0,113,0,0167,Danelle Lothston
0,737,0,263,0,0870,Dalla
0,178,0,822,0,4983,Doran Martell
0,985,0,015,0,0167,Ebrose
0,676,0,324,0,1003,Eddison Tollett
0,621,0,379,0,0836,Edric Dayne
0,749,0,251,0,1472,Edwyn Frey
0,748,0,252,0,0602,Eldon Estermont
0,439,0,561,0,1605,Ellaria Sand
0,166,0,834,0,0334,Ethan Glover
0,925,0,075,0,2308,Emmon Frey
0,694,0,306,0,1204,Galbart Glover
0,061,0,939,0,4147,Gerold Hightower
0,758,0,242,0,0870,Ghost of High Heart
0,136,0,864,0,1572,Gerris Drinkwater
0,08,0,92,0,2876,Gilly
0,913,0,087,0,0468,Greydon Goodbrother
0,842,0,158,0,0435,Harmen Uller
0,123,0,877,0,3645,Gyles Rosby
0,781,0,219,0,2040,Harren Hoare
0,964,0,036,0,1070,Harras Harlaw
0,491,0,509,0,1204,Harrold Hardyng
0,066,0,934,0,2709,Helaena Targaryen
0,485,0,515,0,2441,Hodor
0,428,0,572,0,0970,Harrion Karstark
0,014,0,986,0,0167,Iggo
0,703,0,297,0,1438,Hother Umber
0,612,0,388,0,0736,Jalabhar Xho
0,453,0,547,0,5619,Janos Slynt
0,654,0,346,0,1472,Jared Frey
0,089,0,911,0,2508,Jasper Wylde
0,704,0,296,0,0669,Jhaqo
0,015,0,985,0,0234,Jeyne Lothston
0,696,0,304,0,1438,Jhiqui
0,835,0,165,0,1371,Jon Bulwer
0,024,0,976,0,1706,Jory Cassel
0,286,0,714,0,7224,Jorah Mormont
0,497,0,503,0,1171,Karyl Vance
0,783,0,217,0,0769,Khrazz
0,959,0,041,0,0100,Kurleket
0,139,0,861,0,0602,Lann the Clever
0,172,0,828,0,0401,Kyle Condon
0,018,0,982,0,4783,Lancel Lannister
0,987,0,013,0,0134,Likely Luke
0,145,0,855,0,0535,Lucas Inchfield
0,042,0,958,0,1271,Lollys Stokeworth
0,04,0,96,0,3545,Lyanna Stark
0,43,0,57,0,1070,Lyle Crakehall
0,36,0,64,0,0736,Lucas Blackwood
0,557,0,443,0,0903,Lyn Corbray
0,735,0,265,0,1171,Lynesse Hightower
0,813,0,187,0,8562,Mace Tyrell
0,76,0,24,0,0401,Mag Mar Tun Doh Weg
0,06,0,94,0,1204,Mandon Moore
0,393,0,607,0,0334,Mago
0,303,0,697,0,0201,Maron Botley
0,573,0,427,0,1438,Marillion
0,178,0,822,0,0635,Marya Seaworth
0,7,0,3,0,1605,Marwyn
0,142,0,858,0,0401,Masha Heddle
0,796,0,204,0,0769,Matthos Seaworth
0,713,0,287,0,2709,Meera Reed
0,678,0,322,0,0468,Melara Hetherspoon
0,1,0,0502,Melissa Blackwood
0,884,0,116,0,7458,Melisandre
0,998,0,002,0,0100,Merrit
0,45,0,55,0,2207,Meryn Trant
0,322,0,678,0,4348,Merrett Frey
0,959,0,041,0,0100,Mohor
0,825,0,175,0,1739,Missandei
0,89,0,11,0,0769,Moon Boy
0,627,0,373,0,0769,Monster
0,461,0,539,0,0468,Mord
0,426,0,574,0,0435,Minisa Whent
0,281,0,719,0,1037,Mordane
0,984,0,016,0,0100,Murenmure
0,988,0,012,0,0234,Myles
0,807,0,193,0,0535,Mors Martell
0,761,0,239,0,1204,Mya Stone
0,583,0,417,0,5619,Myrcella Baratheon
0,831,0,169,0,0870,Nestor Royce
0,717,0,283,0,0502,Nute
0,406,0,594,0,3779,Nymeria Sand
0,64,0,36,0,1973,Nymeria
0,272,0,728,0,7726,Oberyn Martell
0,803,0,197,0,1037,Obella Sand
0,82,0,18,0,2876,Olenna Redwyne
0,553,0,447,0,0702,Mychel Redfort
0,047,0,953,0,2542,Orwyle
0,963,0,037,0,2508,Osha
0,813,0,187,0,0870,Osfryd Kettleblack
0,842,0,158,0,1237,Osney Kettleblack
0,031,0,969,0,4883,Orys Baratheon
0,707,0,293,0,1706,Osmund Kettleblack
0,634,0,366,0,0635,Othell Yarwyck
0,102,0,898,0,0803,Oswell Whent
0,081,0,919,0,3712,Otto Hightower
0,829,0,171,0,1070,Patchface
0,751,0,249,0,5117,Paxter Redwyne
0,379,0,621,0,0134,Pearse Caron
0,475,0,525,0,1773,Petyr Frey
0,304,0,696,0,0468,Pia
0,389,0,611,0,2910,Podrick Payne
0,889,0,111,0,0936,Preston Greenfield
0,3,0,7,0,0769,Polliver
0,708,0,292,0,0970,Pyat Pree
0,73,0,27,0,0569,Pylos
0,452,0,548,0,6388,Pycelle
0,676,0,324,0,2107,Qhorin Halfhand
0,148,0,852,0,0635,Qotho
0,497,0,503,0,5518,Quentyn Martell
0,96,0,04,0,0334,Ralf Stonehouse
0,36,0,64,0,4615,Ramsay Snow
0,405,0,595,0,6187,Randyll Tarly
0,245,0,755,0,0401,Raymun Fossoway
0,374,0,626,0,0769,Raymun Darry
0,835,0,165,0,0602,Ravella Swann
0,727,0,273,0,0268,Small Paul
0,25,0,75,0,1204,Tristifer Botley
0,158,0,842,0,1405,Styr
0,034,0,966,0,0569,Rat Cook
0,664,0,336,0,0401,Prendahl na Ghezn
0,76,0,24,0,0535,Ulmer
0,127,0,873,0,0569,Oznak zo Pahl
0,006,0,994,0,0836,Aegon Blackfyre
0,041,0,959,0,1070,Addam Velaryon
0,07,0,93,0,6957,Aegon V Targaryen
0,004,0,996,0,0870,Aemon Blackfyre
0,313,0,687,0,4582,Aeron Greyjoy
0,76,0,24,0,0000,Alfyn
0,579,0,421,0,2375,Alannys Harlaw
0,947,0,053,0,0769,Alayaya
0,17,0,83,0,0736,Alyn
0,11,0,89,0,2308,Alliser Thorne
0,09,0,91,0,3278,Alester Florent
0,892,0,108,0,0702,Alysane Mormont
0,453,0,547,0,2274,Alerie Hightower
0,666,0,334,0,1304,Anguy
0,967,0,033,0,0435,Andrik
0,404,0,596,0,2776,Amory Lorch
0,055,0,945,0,1405,Archibald Yronwood
0,201,0,799,0,1037,Arlan of Pennytree
0,638,0,362,0,2575,Areo Hotah
0,092,0,908,0,0368,Arwyn Oakheart
0,946,0,054,0,1538,Arthur Dayne
0,248,0,752,0,3445,Arys Oakheart
0,152,0,848,0,0936,Ashara Dayne
0,553,0,447,0,0669,Aron Santagar
0,365,0,635,0,7090,Asha Greyjoy
0,658,0,342,0,1171,Azor Ahai
1,0,0,0000,Bael the Bard
0,961,0,039,0,0602,Baelor Blacktyde
0,357,0,643,0,7391,Balon Greyjoy
0,939,0,061,0,0301,Ballabar
0,033,0,967,0,5017,Baelor I Targaryen
0,494,0,506,0,3110,Balon Swann
0,001,0,999,0,0502,Barba Bracken
0,586,0,414,1,0000,Barristan Selmy
0,468,0,532,0,1639,Barbrey Dustin
0,744,0,256,0,0401,Bellegere Otherys
0,968,0,032,0,0201,Beardless Dick
0,875,0,125,0,1438,Belwas
0,062,0,938,0,4013,Benjen Stark
0,263,0,737,0,0301,Bethany Bracken
0,41,0,59,0,4348,Beric Dondarrion
0,084,0,916,0,1271,Biter
0,953,0,047,0,0134,Bluetooth
0,049,0,951,0,0301,Brandon Norrey
0,423,0,577,0,2542,Bowen Marsh
0,715,0,285,0,0535,Bonifer Hasty
0,934,0,066,0,0903,Bran the Builder
0,185,0,815,0,6054,Brynden Rivers
0,096,0,904,0,3411,Brynden Tully
0,843,0,157,0,0401,Caleotte
0,678,0,322,0,0100,Cassella Vaith
0,687,0,313,0,0334,Cellador
0,271,0,729,0,0368,Chella
0,977,0,023,0,0702,Cletus Yronwood
0,461,0,539,0,0669,Colemon
0,005,0,995,0,5251,Corlys Velaryon
0,422,0,578,0,5050,Criston Cole
0,218,0,782,0,0000,Daemon I Blackfyre
0,006,0,994,0,6689,Daemon Targaryen
0,047,0,953,1,0000,Daenerys Targaryen
0,201,0,799,0,0234,Danny Flint
0,157,0,843,0,2074,Daven Lannister
0,783,0,217,0,0702,Dick Crabb
0,574,0,426,0,1405,Donal Noye
0,974,0,026,0,0903,Domeric Bolton
0,082,0,918,0,9699,Davos Seaworth
0,253,0,747,0,1104,Doreah
0,796,0,204,0,1037,Dorea Sand
0,235,0,765,0,0936,Dywen
0,887,0,113,0,0736,Eddard Karstark
0,445,0,555,1,0000,Eddard Stark
0,796,0,204,0,1171,Elia Sand
0,028,0,972,0,6555,Edmure Tully
0,476,0,524,0,4415,Elia Martell
0,152,0,848,0,0368,Emmon Cuy
0,822,0,178,0,0468,Eleyna Westerling
0,003,0,997,0,0234,Falena Stokeworth
0,714,0,286,0,0268,Falia Flowers
0,899,0,101,0,1472,Eustace Osgrey
0,148,0,852,0,0569,Farlen
0,639,0,361,0,1003,Falyse Stokeworth
0,392,0,608,0,0903,Galazza Galare
0,995,0,005,0,0100,Emmond
0,713,0,287,0,0502,Garth Hightower
0,073,0,927,0,0936,Gared
0,735,0,265,0,2174,Genna Lannister
0,293,0,707,0,3278,Garlan Tyrell
0,56,0,44,0,1405,Gerion Lannister
0,813,0,187,0,0167,Gevin Harlaw
0,689,0,311,0,1070,Gerold Dayne
0,494,0,506,0,0635,Godry Farring
0,96,0,04,0,0803,Gorold Goodbrother
0,171,0,829,0,2040,Grenn
0,176,0,824,0,1405,Grey Worm
0,344,0,656,0,0368,Greenbeard
0,778,0,222,0,1104,Groleo
0,504,0,496,0,0268,Grunt
0,405,0,595,0,8361,Gregor Clegane
0,937,0,063,0,0401,Gylbert Farwynd
0,193,0,807,0,0635,Guyard Morrigen
0,937,0,063,0,0870,Hallyne
0,106,0,894,0,0334,Haggo
0,699,0,301,0,0435,Hazzea
0,188,0,812,0,4448,Hizdahr zo Loraq
0,047,0,953,0,0535,Harma
0,189,0,811,0,0769,Harry Strickland
0,952,0,048,0,4515,Harys Swyft
0,658,0,342,0,1304,Harwin
0,235,0,765,0,0435,Hobb
0,738,0,262,0,1672,High Sparrow
0,557,0,443,0,1839,Hot Pie
0,64,0,36,0,1773,Howland Reed
0,213,0,787,0,0569,Holly
0,11,0,89,0,0635,Hugh
0,615,0,385,0,1037,Hyle Hunt
0,015,0,985,0,3311,Hoster Tully
0,771,0,229,0,0301,Humfrey Hewett
0,557,0,443,0,2241,Ilyn Payne
0,048,0,952,0,3946,Illyrio Mopatis
0,474,0,526,0,1940,Irri
0,577,0,423,0,1839,Imry Florent
0,825,0,175,0,0268,Jack-Be-Lucky
0,784,0,216,0,1304,Jacelyn Bywater
0,352,0,648,1,0000,Jaime Lannister
0,468,0,532,0,1271,Jason Mallister
0,041,0,959,0,3846,Jeyne Poole
0,397,0,603,0,8361,Jon Arryn
0,86,0,14,0,1873,Jon Fossoway
0,479,0,521,0,1906,Jonos Bracken
0,659,0,341,0,0803,Justin Massey
0,828,0,172,0,0301,Kedry
0,884,0,116,1,0000,Jon Snow
0,496,0,504,0,0167,Joss Stilwood
0,26,0,74,0,8696,Kevan Lannister
0,986,0,014,0,0201,Lady of the Leaves
0,976,0,024,0,0167,Lharys
0,68,0,32,0,1505,Leyton Hightower
0,1,0,2977,Larys Strong
0,888,0,112,0,0234,Lomys
0,735,0,265,0,1472,Lewyn Martell
0,838,0,162,0,1739,Lothar Frey
0,572,0,428,0,1371,Lothor Brune
0,454,0,546,0,0000,Lysa Arryn
0,69,0,31,0,1371,Maege Mormont
0,825,0,175,0,0368,Mad Huntsman
0,067,0,933,0,7090,Mance Rayder
0,637,0,363,0,0502,Mark Mullendore
0,752,0,248,0,0201,Mark Ryswell
0,835,0,165,0,0435,Marlon Manderly
0,403,0,597,0,1405,Maron Greyjoy
0,081,0,919,0,0334,Martyn Cassel
0,694,0,306,0,1405,Marq Piper
0,445,0,555,0,3645,Mathis Rowan
0,767,0,233,0,1037,Meribald
0,304,0,696,0,1438,Mirri Maz Duur
0,76,0,24,0,0970,Mikken
0,477,0,523,0,0435,Morros Slynt
0,868,0,132,0,0435,Myranda Royce
0,1,0,0635,Nettles
0,981,0,019,0,0134,Notch
0,827,0,173,0,1405,Obara Sand
0,012,0,988,0,0602,Ulf the White
0,235,0,765,0,1137,Pypar
0,711,0,289,0,9799,Roose Bolton
0,381,0,619,0,2308,Shireen Baratheon
0,767,0,233,0,0401,Smiling Knight
0,45,0,55,1,0000,Renly Baratheon
0,259,0,741,1,0000,Theon Greyjoy
0,172,0,828,0,0234,Robyn Rhysling
0,897,0,103,0,1605,Rodrik Harlaw
0,928,0,072,0,0201,Wendamyr
0,069,0,931,0,2274,Varamyr
0,947,0,053,0,0201,Robin Potter
0,784,0,216,0,0635,Richard Horpe
0,961,0,039,1,0000,Sansa Stark
0,003,0,997,0,2107,Vargo Hoat
0,085,0,915,0,2007,Jaqen H'ghar
0,34,0,66,0,3211,Robert Arryn
0,399,0,601,0,1839,Rakharo
0,094,0,906,0,3211,Rhaella Targaryen
0,053,0,947,1,0000,Tywin Lannister
0,73,0,27,0,0736,Shagga
0,47,0,53,0,3545,Wyman Manderly
0,917,0,083,0,0435,Yellow Dick
0,805,0,195,0,2676,Yoren
0,989,0,011,0,0134,Watty
0,503,0,497,0,1973,Skahaz mo Kandaq
0,481,0,519,0,1572,Wylis Manderly
0,469,0,531,0,0201,Theo Wull
0,797,0,203,0,0702,Wylla Manderly
0,731,0,269,0,2910,Willas Tyrell
0,774,0,226,0,1338,Wendel Manderly
0,174,0,826,0,0368,Simon Toyne
0,066,0,934,0,3712,Steffon Baratheon
0,072,0,928,0,0836,Shagwell
0,57,0,43,0,2308,Rickard Karstark
0,797,0,203,0,0334,Senelle
0,001,0,999,0,0435,Shiera Seastar
0,611,0,389,0,0803,Reznak mo Reznak
0,973,0,027,0,1137,Ronnet Connington
0,007,0,993,0,2207,Tytos Blackwood
0,96,0,04,0,1204,Syrio Forel
0,091,0,909,0,3980,Rodrik Cassel
0,662,0,338,0,1739,Stevron Frey
0,759,0,241,0,0134,Steely Pate
0,945,0,055,0,1338,Victaria Tyrell
0,878,0,122,0,7191,Jon Connington
0,08,0,92,0,1672,Rorge
0,291,0,709,0,2709,Rickard Stark
0,058,0,942,0,2776,Visenya Targaryen
0,082,0,918,1,0000,Petyr Baelish
0,082,0,918,0,6221,Viserys Targaryen
0,465,0,535,0,8997,Varys
0,03,0,97,0,0368,Stygg
0,731,0,269,0,1873,Salladhor Saan
0,254,0,746,0,7057,Victarion Greyjoy
0,056,0,944,0,0569,Timeon
0,181,0,819,0,1304,Tysha
0,463,0,537,0,2910,Shae
0,628,0,372,0,0502,Spotted Cat
0,304,0,696,0,2140,Tormund
0,414,0,586,0,1538,Rodrik Greyjoy
0,293,0,707,1,0000,Tyrion Lannister
0,677,0,323,0,0502,Josmyn Peckledon
0,094,0,906,0,1505,Trystane Martell
0,676,0,324,0,0702,Rolland Storm
0,652,0,348,0,0635,Willam Dustin
0,855,0,145,0,0769,Torrhen Karstark
0,225,0,775,0,0134,Three Toes
0,512,0,488,0,2441,Ygritte
0,094,0,906,0,3545,Tyland Lannister
0,22,0,78,0,0870,Thoren Smallwood
0,722,0,278,0,0602,Rolph Spicer
0,528,0,472,0,3980,Selyse Florent
0,016,0,984,0,0502,Tyrion Tanner
0,045,0,955,0,6957,Sandor Clegane
0,682,0,318,0,0234,Ulf son of Umar
0,021,0,979,0,0301,Urswyck
0,666,0,334,0,0635,Clydas
0,763,0,237,0,0836,Damion Lannister
0,148,0,852,0,0769,Kraznys mo Nakloz
0,843,0,157,0,0870,Dacey Mormont
0,684,0,316,0,2910,Jojen Reed
0,21,0,79,0,0569,Lyonel Baratheon
0,782,0,218,0,0100,Khorane Sathmantes
0,063,0,937,0,0903,Vardis Egen
0,711,0,289,0,0167,Tya Lannister
0,537,0,463,0,0401,Vyman
0,478,0,522,0,3746,Orton Merryweather
0,532,0,468,0,6187,Jeor Mormont
0,36,0,64,0,1672,Rhaego
0,949,0,051,0,0134,Samwell Stone
0,759,0,241,0,1472,Mors Umber
0,66,0,34,0,1338,Rhaegar Frey
0,276,0,724,0,0401,Parmen Crane
0,656,0,344,0,5351,Qyburn
0,299,0,701,0,0401,Weese
0,973,0,027,0,0669,Qarl the Maid
0,236,0,764,0,5518,Rickon Stark
0,446,0,554,0,2174,Roslin Frey
0,452,0,548,0,0970,Robar Royce
0,552,0,448,0,1672,Robett Glover
0,001,0,999,0,0803,Rhae Targaryen
0,493,0,507,0,2174,Ryman Frey
0,752,0,248,0,1271,Quaithe
0,296,0,704,0,0870,Rolly Duckfield
0,381,0,619,0,0167,Togg Joth
0,765,0,235,0,1137,Taena of Myr
0,078,0,922,0,0468,Pyg
0,736,0,264,0,0569,Stonesnake
0,15,0,85,0,0870,Tycho Nestoris
0,389,0,611,0,0201,Tanselle
0,979,0,021,0,1371,Rhaelle Targaryen
0,954,0,046,0,1538,Tom of Sevenstreams
0,818,0,182,0,0134,Shyra Errol
0,967,0,033,0,0167,Steelskin
0,978,0,022,0,1405,Val
0,315,0,685,0,1037,Satin
0,447,0,553,0,2441,Xaro Xhoan Daxos
0,06,0,94,0,1806,Maelor Targaryen
0,463,0,537,0,5719,Arianne Martell
0,649,0,351,0,0334,Damon Dance-for-Me
0,05,0,95,0,2776,Alysanne Targaryen
0,1,0,1271,Baela Targaryen
0,059,0,941,0,3478,Brandon Stark
0,939,0,061,0,0769,Dunstan Drumm
0,493,0,507,0,0736,Daemon Sand
0,132,0,868,0,0435,Jafer Flowers
0,196,0,804,0,0201,Lysono Maar
0,295,0,705,0,1037,Mycah
0,458,0,542,0,0435,Joyeuse Erenford
0,981,0,019,0,3679,Rossart
0,825,0,175,0,1371,Tyene Sand
0,583,0,417,0,1237,Waymar Royce
0,002,0,998,0,0334,Stiv
0,325,0,675,0,2274,Daemon II Blackfyre
0,131,0,869,0,0736,Chataya
0,047,0,953,0,0769,Hugh Hammer
0,53,0,47,0,1104,Tygett Lannister
0,759,0,241,0,1037,Sarella Sand
0,001,0,999,0,7993,Rhaegar Targaryen
0,035,0,965,0,5585,Drogo
0,138,0,862,0,0401,Dunsen
0,115,0,885,0,1070,Barra
0,985,0,015,0,0435,Bethany Bolton
0,57,0,43,0,0769,Desmond Grell
0,353,0,647,0,0936,Devan Seaworth
0,226,0,774,0,4381,Gendry
0,964,0,036,0,0268,Gran Goodbrother
0,468,0,532,0,6656,Loras Tyrell
0,918,0,082,0,0702,Ricasso
0,199,0,801,0,0435,Stalwart Shield
0,146,0,854,0,1706,Yohn Royce
0,284,0,716,0,0502,Yandry
0,913,0,087,0,0268,Tarle
0,767,0,233,0,0201,Temmo
0,001,0,999,0,1706,Rohanne Webber
0,93,0,07,0,0401,Gormond Goodbrother
0,847,0,153,0,0803,Walder Rivers
0,155,0,845,0,0468,Symon Silver Tongue
0,201,0,799,0,1237,Moqorro
0,982,0,018,0,0100,Meg
0,003,0,997,0,1405,Laena Velaryon
0,803,0,197,0,3512,Luwin
0,987,0,013,0,0970,Reek
0,52,0,48,0,0301,Symeon Star-Eyes
0,637,0,363,0,1304,Coldhands
0,093,0,907,0,2107,Tytos Lannister
